period,pct_gdp
2026Q1,-0.01976807929545563
2026Q2,-0.02760805103476379
2026Q3,-0.034316571691150745
2026Q4,-0.040075515921461136
2027Q1,-0.04573182337581751
2027Q2,-0.05027238113409573
2027Q3,-0.054139339297972655
2027Q4,-0.05744389342105684
