period,model_qoq_pct,efo_qoq_pct,ons_outturn_qoq_pct
2025Q2,0.15093880639620583,0.2764912759539273,0.1
2025Q3,0.14230005246704813,0.2036715528023203,0.2
2025Q4,0.2451753947807056,0.26999999999999247,0.2
2026Q1,0.3694459776546477,0.39246824245091627,0.6
