{
 "accepted_replication": 246,
 "accepted_forecast": 217,
 "n_draws": 3000,
 "seed": 20250717,
 "forecast_table": {
  "2024Q3": {
   "gdp": [
    1.3077683115432137,
    0.7460337788329525,
    1.845973773491778,
    0.3895706806981707,
    2.1934412740758944
   ],
   "cpi": [
    2.3186023796266113,
    1.7956936605067426,
    2.8153670763735477,
    1.4907522452703006,
    3.1150718083126208
   ]
  },
  "2024Q4": {
   "gdp": [
    1.8299682777133057,
    1.0079740485309685,
    2.6753528714596087,
    0.4619856389031156,
    3.260833016895731
   ],
   "cpi": [
    2.707275690345682,
    1.8797840912009178,
    3.4940593135275435,
    1.365171374081683,
    4.0168958163259845
   ]
  },
  "2025Q1": {
   "gdp": [
    1.2813964316067086,
    0.2083926859722851,
    2.4067312515783215,
    -0.5119323532410363,
    3.09692349897432
   ],
   "cpi": [
    2.8437900148690574,
    1.6517160182397106,
    3.9056793698158003,
    0.919219612402685,
    4.673341413220328
   ]
  },
  "2025Q2": {
   "gdp": [
    0.9115693733403987,
    -0.4147350686082518,
    2.266119280000339,
    -1.2936698677374352,
    3.084312745081661
   ],
   "cpi": [
    3.1793091731132677,
    1.6460745943085726,
    4.583111073989073,
    0.8101979356574702,
    5.4426276593328
   ]
  },
  "2025Q3": {
   "gdp": [
    0.8547529311931612,
    -0.1829744269928142,
    1.856555877881874,
    -0.8472899512178174,
    2.45810269226763
   ],
   "cpi": [
    3.1588305013590343,
    1.9767398034117605,
    4.306550886796742,
    1.2565239221949014,
    5.072655277923843
   ]
  },
  "2025Q4": {
   "gdp": [
    0.8789598999699137,
    -0.004223631603281319,
    1.822283983032321,
    -0.6542010030639176,
    2.4891010758299217
   ],
   "cpi": [
    3.1882596173557545,
    2.144059380996282,
    4.30732854673488,
    1.4442110359431126,
    5.061631702773752
   ]
  },
  "2026Q1": {
   "gdp": [
    0.9048265561273183,
    0.08742016183441592,
    1.7946138509780667,
    -0.47513460149548337,
    2.568040673411133
   ],
   "cpi": [
    3.183522245676727,
    2.2040425965365102,
    4.318140827993318,
    1.413623935727344,
    4.947047556511734
   ]
  },
  "2026Q2": {
   "gdp": [
    0.9567741418229616,
    0.19311236593307513,
    1.7392316402417691,
    -0.2987798084411679,
    2.5266364271531074
   ],
   "cpi": [
    3.0979118603086704,
    2.2866803058043956,
    4.183739050647432,
    1.4890148851472418,
    4.848191046589989
   ]
  },
  "2026Q3": {
   "gdp": [
    1.0511740123602067,
    0.371640220686686,
    1.75945961704997,
    -0.2517892835442126,
    2.632912192511185
   ],
   "cpi": [
    3.2389971942100146,
    2.231984869882865,
    4.183622250493045,
    1.3600419637300547,
    4.823662978741254
   ]
  },
  "2026Q4": {
   "gdp": [
    1.1071131281601083,
    0.33120161384681523,
    1.9390643574993192,
    0.01064623048523572,
    2.4767832384491157
   ],
   "cpi": [
    3.269971226857251,
    2.1092473903502196,
    4.198298625522455,
    1.4669044144566215,
    4.769958838538457
   ]
  },
  "2027Q1": {
   "gdp": [
    1.2080324086214205,
    0.46300750603313645,
    1.8551889825787384,
    -0.21073836292339365,
    2.547053725474143
   ],
   "cpi": [
    3.2636507242156654,
    2.1791791124784368,
    4.192131614275468,
    1.6709269795642854,
    4.764390250507461
   ]
  },
  "2027Q2": {
   "gdp": [
    1.1784348751539255,
    0.46809934972293377,
    2.0021374681773523,
    -0.0759444703594454,
    2.5872594952481904
   ],
   "cpi": [
    3.3423852072090767,
    2.200299125122285,
    4.189075489323784,
    1.5037884160772137,
    4.7694927226966115
   ]
  },
  "2027Q3": {
   "gdp": [
    1.214499878981087,
    0.4218993369177042,
    2.0902268714014554,
    0.017137466821623093,
    2.591742899738165
   ],
   "cpi": [
    3.1520191684245447,
    2.221711190374492,
    4.142231079866804,
    1.6438804322874034,
    4.8754361265447415
   ]
  }
 }
}