{
 "accepted_replication": 246,
 "accepted_forecast": 217,
 "n_draws": 3000,
 "seed": 20250717,
 "forecast_table": {
  "2024Q3": {
   "gdp": [
    1.309767120832248,
    0.7556834938059183,
    1.82551351527718,
    0.3766825586624236,
    2.193441274143197
   ],
   "cpi": [
    2.318602379615868,
    1.7986932556038937,
    2.8108493395048413,
    1.512613810570258,
    3.115071808301991
   ]
  },
  "2024Q4": {
   "gdp": [
    1.8451518309659605,
    1.0098646383480627,
    2.666548874864475,
    0.4461550562789398,
    3.2158143620290502
   ],
   "cpi": [
    2.6916343832976395,
    1.8955086464969213,
    3.5032357216242076,
    1.3711153008316614,
    4.016895816317515
   ]
  },
  "2025Q1": {
   "gdp": [
    1.2848519205952016,
    0.20839268596432703,
    2.399793195654638,
    -0.5284667604819333,
    3.0969234991102894
   ],
   "cpi": [
    2.820051697489987,
    1.6903923922424156,
    3.9210663475865317,
    0.9515868235833977,
    4.666167447443229
   ]
  },
  "2025Q2": {
   "gdp": [
    0.9028499466808171,
    -0.3946625347639383,
    2.2399591528587735,
    -1.318575624030018,
    3.0970883385737125
   ],
   "cpi": [
    3.173494091665475,
    1.6565526868912457,
    4.551276622403805,
    0.8851519541010475,
    5.4111759886765185
   ]
  },
  "2025Q3": {
   "gdp": [
    0.824862965657303,
    -0.17163738052317967,
    1.8732592927783571,
    -0.7845403922754031,
    2.4640001468092123
   ],
   "cpi": [
    3.151165618335881,
    2.0255954139467462,
    4.275168301795418,
    1.3540965409125647,
    5.109314392052909
   ]
  },
  "2025Q4": {
   "gdp": [
    0.875063984813778,
    -0.005126626690980629,
    1.8310879800048951,
    -0.6110204596361655,
    2.515153692535023
   ],
   "cpi": [
    3.2039009243887335,
    2.1374543200291782,
    4.278338143597637,
    1.4949163485316603,
    5.120960746891285
   ]
  },
  "2026Q1": {
   "gdp": [
    0.8871312668852624,
    0.0737889585850553,
    1.846305997353511,
    -0.42691173232492474,
    2.523161821361782
   ],
   "cpi": [
    3.2101700806643976,
    2.169964150217311,
    4.250038673838219,
    1.4505542740889723,
    4.9882492002438426
   ]
  },
  "2026Q2": {
   "gdp": [
    0.9654935685916826,
    0.10563072492800529,
    1.8322282643555354,
    -0.25946433651597545,
    2.5792463867837796
   ],
   "cpi": [
    3.1150354146394648,
    2.283422535506304,
    4.158418496544812,
    1.4457671450501266,
    4.7876808895620115
   ]
  },
  "2026Q3": {
   "gdp": [
    1.0310820065637927,
    0.34046806021046905,
    1.8157658539087151,
    -0.2789397390422437,
    2.6726909207757217
   ],
   "cpi": [
    3.2219666418538964,
    2.205220465503146,
    4.189089482424379,
    1.2933585724915702,
    4.741588413695581
   ]
  },
  "2026Q4": {
   "gdp": [
    1.0780026393460957,
    0.3173833860710147,
    1.9464472520028266,
    -0.016703730305380304,
    2.5635550609799793
   ],
   "cpi": [
    3.3135126773213983,
    2.0898397586979627,
    4.097701046959003,
    1.3247237851295495,
    4.561038635655905
   ]
  },
  "2027Q1": {
   "gdp": [
    1.1916051041323499,
    0.4766387091294746,
    1.877105973941525,
    -0.22325475514753634,
    2.591932577661737
   ],
   "cpi": [
    3.295388146044729,
    2.1156335902525143,
    4.141920278103498,
    1.4931638870110646,
    4.636617449298228
   ]
  },
  "2027Q2": {
   "gdp": [
    1.1784348756225427,
    0.5260531727137732,
    1.965550726012907,
    -0.1437851867358404,
    2.6015224397779093
   ],
   "cpi": [
    3.3537169924948103,
    2.170899864733542,
    4.178911521825285,
    1.612673208496517,
    4.744736398414545
   ]
  },
  "2027Q3": {
   "gdp": [
    1.1620432943996093,
    0.4320847359340405,
    2.0417770447973,
    -0.011552558477205821,
    2.6056142841193832
   ],
   "cpi": [
    3.2053782933326147,
    2.1816165933879006,
    4.064577936611329,
    1.6836579410543777,
    4.729665015037654
   ]
  }
 }
}